<?xml version="1.0" encoding="UTF-8"?>
<rss version="2.0" xmlns:atom="http://www.w3.org/2005/Atom">
  <channel>
    <title>Clean</title>
    <description>Write an awesome description for your new site here. You can edit this line in _config.yml.
</description>
    <link>http://yourdomain.com/clean/</link>
    <atom:link href="http://yourdomain.com/clean/feed.xml" rel="self" type="application/rss+xml"/>
    <pubDate>Sun, 04 Oct 2015 14:47:29 +0530</pubDate>
    <lastBuildDate>Sun, 04 Oct 2015 14:47:29 +0530</lastBuildDate>
    <generator>Jekyll v2.5.3</generator>
    
      <item>
        <title>A Clean Jekyll theme</title>
        <description>&lt;h2 id=&quot;subheading&quot;&gt;Subheading&lt;/h2&gt;
&lt;p&gt;Lorem ipsum dolor sit amet, consectetur adipiscing elit. Donec at mauris ante. Cras sit amet porta quam. Donec eu gravida elit. Sed a diam eget sem lacinia maximus vel et elit. Nullam id egestas nulla. Duis dapibus at quam eu dapibus. Maecenas ullamcorper placerat eros, eu posuere enim bibendum eget. Phasellus mollis enim molestie tortor aliquam, nec auctor ligula &lt;code&gt;fringilla&lt;/code&gt;.&lt;/p&gt;

&lt;h2 id=&quot;sample-code&quot;&gt;Sample Code&lt;/h2&gt;

&lt;div class=&quot;highlight&quot;&gt;&lt;pre&gt;&lt;code class=&quot;language-go&quot; data-lang=&quot;go&quot;&gt;&lt;span class=&quot;kn&quot;&gt;package&lt;/span&gt; &lt;span class=&quot;nx&quot;&gt;main&lt;/span&gt;

&lt;span class=&quot;kn&quot;&gt;import&lt;/span&gt; &lt;span class=&quot;p&quot;&gt;(&lt;/span&gt;
    &lt;span class=&quot;s&quot;&gt;&amp;quot;net/http&amp;quot;&lt;/span&gt;
&lt;span class=&quot;p&quot;&gt;)&lt;/span&gt;

&lt;span class=&quot;kd&quot;&gt;func&lt;/span&gt; &lt;span class=&quot;nx&quot;&gt;response&lt;/span&gt;&lt;span class=&quot;p&quot;&gt;(&lt;/span&gt;&lt;span class=&quot;nx&quot;&gt;rw&lt;/span&gt; &lt;span class=&quot;nx&quot;&gt;http&lt;/span&gt;&lt;span class=&quot;p&quot;&gt;.&lt;/span&gt;&lt;span class=&quot;nx&quot;&gt;ResponseWriter&lt;/span&gt;&lt;span class=&quot;p&quot;&gt;,&lt;/span&gt; &lt;span class=&quot;nx&quot;&gt;request&lt;/span&gt; &lt;span class=&quot;o&quot;&gt;*&lt;/span&gt;&lt;span class=&quot;nx&quot;&gt;http&lt;/span&gt;&lt;span class=&quot;p&quot;&gt;.&lt;/span&gt;&lt;span class=&quot;nx&quot;&gt;Request&lt;/span&gt;&lt;span class=&quot;p&quot;&gt;)&lt;/span&gt; &lt;span class=&quot;p&quot;&gt;{&lt;/span&gt;
    &lt;span class=&quot;nx&quot;&gt;rw&lt;/span&gt;&lt;span class=&quot;p&quot;&gt;.&lt;/span&gt;&lt;span class=&quot;nx&quot;&gt;Write&lt;/span&gt;&lt;span class=&quot;p&quot;&gt;([]&lt;/span&gt;&lt;span class=&quot;nb&quot;&gt;byte&lt;/span&gt;&lt;span class=&quot;p&quot;&gt;(&lt;/span&gt;&lt;span class=&quot;s&quot;&gt;&amp;quot;Hello world.&amp;quot;&lt;/span&gt;&lt;span class=&quot;p&quot;&gt;))&lt;/span&gt;
&lt;span class=&quot;p&quot;&gt;}&lt;/span&gt;

&lt;span class=&quot;kd&quot;&gt;func&lt;/span&gt; &lt;span class=&quot;nx&quot;&gt;main&lt;/span&gt;&lt;span class=&quot;p&quot;&gt;()&lt;/span&gt; &lt;span class=&quot;p&quot;&gt;{&lt;/span&gt;
    &lt;span class=&quot;nx&quot;&gt;http&lt;/span&gt;&lt;span class=&quot;p&quot;&gt;.&lt;/span&gt;&lt;span class=&quot;nx&quot;&gt;HandleFunc&lt;/span&gt;&lt;span class=&quot;p&quot;&gt;(&lt;/span&gt;&lt;span class=&quot;s&quot;&gt;&amp;quot;/&amp;quot;&lt;/span&gt;&lt;span class=&quot;p&quot;&gt;,&lt;/span&gt; &lt;span class=&quot;nx&quot;&gt;response&lt;/span&gt;&lt;span class=&quot;p&quot;&gt;)&lt;/span&gt;
    &lt;span class=&quot;nx&quot;&gt;http&lt;/span&gt;&lt;span class=&quot;p&quot;&gt;.&lt;/span&gt;&lt;span class=&quot;nx&quot;&gt;ListenAndServe&lt;/span&gt;&lt;span class=&quot;p&quot;&gt;(&lt;/span&gt;&lt;span class=&quot;s&quot;&gt;&amp;quot;:3000&amp;quot;&lt;/span&gt;&lt;span class=&quot;p&quot;&gt;,&lt;/span&gt; &lt;span class=&quot;kc&quot;&gt;nil&lt;/span&gt;&lt;span class=&quot;p&quot;&gt;)&lt;/span&gt;
&lt;span class=&quot;p&quot;&gt;}&lt;/span&gt;&lt;/code&gt;&lt;/pre&gt;&lt;/div&gt;

&lt;h2 id=&quot;list&quot;&gt;List&lt;/h2&gt;
&lt;ul&gt;
  &lt;li&gt;Do this&lt;/li&gt;
  &lt;li&gt;Do that&lt;/li&gt;
  &lt;li&gt;Bla Bla Bla&lt;/li&gt;
  &lt;li&gt;Go to Sleep&lt;/li&gt;
&lt;/ul&gt;

&lt;h2 id=&quot;links&quot;&gt;Links&lt;/h2&gt;
&lt;p&gt;&lt;a href=&quot;http://example.net/&quot;&gt;This link&lt;/a&gt; has no title attribute.&lt;/p&gt;

</description>
        <pubDate>Sun, 27 Sep 2015 00:21:59 +0530</pubDate>
        <link>http://yourdomain.com/clean/jekyll/update/2015/09/27/clean-theme.html</link>
        <guid isPermaLink="true">http://yourdomain.com/clean/jekyll/update/2015/09/27/clean-theme.html</guid>
        
        
        <category>jekyll</category>
        
        <category>update</category>
        
      </item>
    
      <item>
        <title>Hello</title>
        <description>&lt;p&gt;Hello Jekyll&lt;/p&gt;
</description>
        <pubDate>Sat, 26 Sep 2015 00:00:00 +0530</pubDate>
        <link>http://yourdomain.com/clean/jekyll/update/2015/09/26/hello.html</link>
        <guid isPermaLink="true">http://yourdomain.com/clean/jekyll/update/2015/09/26/hello.html</guid>
        
        
        <category>jekyll</category>
        
        <category>update</category>
        
      </item>
    
  </channel>
</rss>
